report_table,table_headers,first_line_data
player_identity_map,"identity_id, canonical_username, canonical_nickname, poker_player_code, raw_username_variants, raw_nickname_variants, raw_playername_variants, last_seen_cardroom, last_seen_country, updated_at","{""identity_id"":18314,""canonical_username"":""wg96qg9z"",""canonical_nickname"":""vesl"",""poker_player_code"":null,""raw_username_variants"":""[\""wg96Qg9Z\""]"",""raw_nickname_variants"":""[\""VesL\""]"",""raw_playername_variants"":""[]"",""last_seen_cardroom"":null,""last_seen_country"":null,""updated_at"":""2026-03-06T11:09:14.948973""}"
player_identity_aliases,"variant_normalized, identity_id, display_value, source","{""variant_normalized"":""m98776t6"",""identity_id"":1,""display_value"":""m98776t6"",""source"":""nickname""}"
player_absolute,"identity_id, canonical_display_name, poker_player_code, username, nickname, country, advertiser, cardroom, signup_date, hands_played, mtt_played, twister_played, profit, win_ratio, rake_total, stake_profile, detection_hits, tournament_fees, cash_payout_pct, frozen, total_income, games_played, raked_games, poker_room, sign_up_date, total_rake, profit_loss, updated_at","{""identity_id"":1,""canonical_display_name"":null,""poker_player_code"":null,""username"":null,""nickname"":null,""country"":null,""advertiser"":null,""cardroom"":null,""signup_date"":null,""hands_played"":null,""mtt_played"":""0"",""twister_played"":null,""profit"":null,""win_ratio"":null,""rake_total"":null,""stake_profile"":null,""detection_hits"":""0"",""tournament_fees"":null,""cash_payout_pct"":null,""frozen"":null,""total_income"":null,""games_played"":null,""raked_games"":null,""poker_room"":null,""sign_up_date"":null,""total_rake"":null,""profit_loss"":null,""updated_at"":""2026-03-06T14:50:14.018659""}"
daily_player_stats,"Date, Username, Nickname, Cash game bets, Cash game wins, Cash game net win, Cash game rake, Tournament buy-in, Tournament fees, Tournament win, Points cashout, Bonus redeemed, Revenue, Player Win/Loss","{""Date"":""2026-03-04T00:00:00"",""Username"":""1100874757895098368"",""Nickname"":""1100874757895098"",""Cash game bets"":5.58,""Cash game wins"":6.13,""Cash game net win"":0.55,""Cash game rake"":0.104464,""Tournament buy-in"":0,""Tournament fees"":0,""Tournament win"":0,""Points cashout"":null,""Bonus redeemed"":null,""Revenue"":0.104464,""Player Win/Loss"":0.55}"
mtt_info_per_player_statistical,"Username, Nickname, Cardroom, Country, Sign-up date, Frozen, Tournament name, Tournament ID, Start date, End date, Game type (Bet type), CertifiedGameName, Registration method, Jackpot name, Buy-in, Fee, Jackpot fee, # of players, Position, Prize money, Jackpot wins, Prize money token value, iPoints earned, Status points earned, Number of rebuys, Amount of addons, Interrupted fees, Game ip, Game serial, iPoints buy-in amount, Satellite, Client Platform, Original currency, Currency, Status points accumulated in tournaments, Award points accumulated in tournaments, Award points used as Buy-in, Award points used as Rebuys, Award points used as Addons, Award points won in tournaments","{""Username"":""rinrus"",""Nickname"":""rin1rus"",""Cardroom"":""redstar"",""Country"":""Russia"",""Sign-up date"":""2020-05-13T18:44:20"",""Frozen"":""No"",""Tournament name"":""€10,000 GTD FRIDAY SPECIAL"",""Tournament ID"":1155354962,""Start date"":""2026-03-06T17:30:01"",""End date"":""2026-03-07T02:07:33"",""Game type (Bet type)"":""Holdem(No limit)"",""CertifiedGameName"":""Texas Hold'em"",""Registration method"":""cash"",""Jackpot name"":null,""Buy-in"":25,""Fee"":2.25,""Jackpot fee"":null,""# of players"":466,""Position"":216,""Prize money"":0,""Jackpot wins"":0,""Prize money token value"":0,""iPoints earned"":22.5,""Status points earned"":22.5,""Number of rebuys"":0,""Amount of addons"":0,""Interrupted fees"":0,""Game ip"":""95.24.131.115"",""Game serial"":""jngpdi17596"",""iPoints buy-in amount"":null,""Satellite"":""No"",""Client Platform"":""Platform QT - windows desktop"",""Original currency"":""EUR"",""Currency"":""EUR"",""Status points accumulated in tournaments"":null,""Award points accumulated in tournaments"":null,""Award points used as Buy-in"":null,""Award points used as Rebuys"":null,""Award points used as Addons"":null,""Award points won in tournaments"":null}"
Casino_income_per_period,"Statistics period, Cardroom, Promotion source, Unique cash tables players, Rake, Unique players in tournaments, Tournaments buy-in, Sit 'N' Go tournament fees, Scheduled tournament fees, Unique players all together, Rake + fee, New real accounts who had game activity, New real accounts, SB Rake, RPV Rake, SB Fee, RPV Fee, New Player Value, Currency","{""Statistics period"":""2026-03-07"",""Cardroom"":""bet365poker"",""Promotion source"":null,""Unique cash tables players"":0,""Rake"":0,""Unique players in tournaments"":0,""Tournaments buy-in"":0,""Sit 'N' Go tournament fees"":0,""Scheduled tournament fees"":0,""Unique players all together"":0,""Rake + fee"":0,""New real accounts who had game activity"":0,""New real accounts"":326,""SB Rake"":23406.9734118,""RPV Rake"":9362.78936472,""SB Fee"":11193.10819715,""RPV Fee"":4477.24327886,""New Player Value"":13840.03264358,""Currency"":""EUR""}"
IP_address_or_serial_code_search,"Nickname, Username, Card room, Country, Real sign up date, Total rake / tournament fees, Account status, Sign up serial, Last login serial, Signup IP, Last login IP, Advertiser, Profile, iPoker collusion","{""Nickname"":""hury15"",""Username"":""hury15"",""Card room"":""bifortuna.cz"",""Country"":""Czech Republic"",""Real sign up date"":""2024-03-29 08:20:19"",""Total rake / tournament fees"":""250.875556270842292536282349321405807275/231.869998601942861016597327877176854569"",""Account status"":""Not frozen"",""Sign up serial"":""1AFA39E7-163A-46FA-9F68-8E2B5D8D7960"",""Last login serial"":""1AFA39E7-163A-46FA-9F68-8E2B5D8D7960"",""Signup IP"":""86.49.231.33"",""Last login IP"":null,""Advertiser"":""no_affiliate_cz"",""Profile"":null,""iPoker collusion"":null}"
Client_tracking_events,"Player code, Username, Cardrooom, Date, Logout date, Platform, Event name, Event type, Tracking data","{""Player code"":27892017,""Username"":""SIMEK_"",""Cardrooom"":""bet365poker"",""Date"":""2026-03-07 00:50:20"",""Logout date"":""2026-03-07 03:56:18"",""Platform"":""Platform QT - windows desktop"",""Event name"":""Forbidden software scan on client start(after receiving the client service)"",""Event type"":""FORBIDDEN_SOFTWARE"",""Tracking data"":""hand2note""}"
Total_games_by_player_Cash,"player code, Nickname, Country, Cardroom, Games","{""player code"":36915586,""Nickname"":""NotReallyThatGuy"",""Country"":""United Kingdom"",""Cardroom"":""skypoker.com"",""Games"":24196}"
Total_games_by_player_MTT,"player code, Nickname, Country, Cardroom, Games","{""player code"":31006211,""Nickname"":""Javsta44"",""Country"":""United Kingdom"",""Cardroom"":""grosvenor.poker"",""Games"":74}"
Total_games_by_player_SNG,"player code, Nickname, Country, Cardroom, Games","{""player code"":31006211,""Nickname"":""Javsta44"",""Country"":""United Kingdom"",""Cardroom"":""grosvenor.poker"",""Games"":74}"
Login_activity_by_player,"Casino, Nickname, Login Date Time, Logout Date Time, Device Name, Serial, IP, Operating system","{""Casino"":""bet365poker"",""Nickname"":""IICU"",""Login Date Time"":""2026-03-04T20:41:06"",""Logout Date Time"":""2026-03-05T01:32:27"",""Device Name"":""Andy-PC"",""Serial"":""sugbji18425"",""IP"":""82.44.2.75"",""Operating system"":""Windows 10 Professional (build 19041), 64-bit""}"
earnings_from_other_players,"Nickname, Username, Paid rake, Paid tournament fees, Paid tournament jackpot fees, Paid total rake, Paid total tournament fees, Earnings from others/loss to others, Original currency, Currency","{""Nickname"":""cluud"",""Username"":""1524813360"",""Paid rake"":0,""Paid tournament fees"":0,""Paid tournament jackpot fees"":0,""Paid total rake"":0,""Paid total tournament fees"":0,""Earnings from others/loss to others"":0,""Original currency"":""EUR"",""Currency"":""EUR""}"
Total_games_by_player_Twister,"player code, Nickname, Country, Cardroom, Games","{""player code"":28790988,""Nickname"":""Ucntstpme"",""Country"":""Russia"",""Cardroom"":""redstar"",""Games"":1273}"
All_in_cash_out_hands,"Licensee, Player code, Username, Nickname, Game code, Hand date, Cash out to fund, Cash out from fund, Balance, Cash out odd, Currency","{""Licensee"":""bet365poker"",""Player code"":7539554,""Username"":""CANCUN8"",""Nickname"":""cancun8"",""Game code"":12094848577,""Hand date"":""2026-03-07 18:30:32"",""Cash out to fund"":6.3,""Cash out from fund"":3.63,""Balance"":2.67,""Cash out odd"":57.6,""Currency"":""EUR""}"
RTA_Tournament_Export_MTT,id;board;board_dealt_at;hand_finished_at,"{""id;board;board_dealt_at;hand_finished_at"":""12098011284;3s4h3d;2026-03-08T23:59:21+00:00;2026-03-08T23:59:32+00:00""}"
Major_income_sessionsV2,"Player code, Username, Nickname, Country, Real sign up date, Frozen, iPoker collusion, Player lifetime rake, Session code, Start date, End date, Duration (seconds), Big blind, Buy, Win, % Win, Rake, Bets, Wins, # of hands, # of won hands, % of won hands, Currency","{""Player code"":36401481,""Username"":""B1R9773521"",""Nickname"":""adahan777"",""Country"":""Netherlands"",""Real sign up date"":""2025-02-01T15:14:43"",""Frozen"":""No"",""iPoker collusion"":""No"",""Player lifetime rake"":1496.44,""Session code"":8584940650,""Start date"":""2026-03-04T22:05:58"",""End date"":""2026-03-04T23:21:14"",""Duration (seconds)"":4516,""Big blind"":0.04,""Buy"":1.6,""Win"":11.09,""% Win"":693.13,""Rake"":2.14,""Bets"":54.5,""Wins"":63.99,""# of hands"":106,""# of won hands"":29,""% of won hands"":27.36,""Currency"":""EUR""}"
poker_activity_hourly,"Hour, Casino, Advertiser, Username, Nickname, Poker VIP level, Country, Signup date, Award points accumulated, Status points accumulated, Rake, Games(#), Games rakes(#), Bets, Wins, Tournaments(#), Tournament buy-in, Tournament wins, SNG Fee, MTT Fee, Currency","{""Hour"":""2026-03-02T01:00:00"",""Casino"":""betfairpoker"",""Advertiser"":""default44"",""Username"":""59973258"",""Nickname"":""Mambamentality01"",""Poker VIP level"":1,""Country"":""United Kingdom"",""Signup date"":""2020-07-16T04:29:10"",""Award points accumulated"":0,""Status points accumulated"":219.41,""Rake"":8.78,""Games(#)"":40,""Games rakes(#)"":15,""Bets"":327.58,""Wins"":389.1,""Tournaments(#)"":0,""Tournament buy-in"":0,""Tournament wins"":0,""SNG Fee"":0,""MTT Fee"":0,""Currency"":""EUR""}"
RTA_Tournament_Export_Cash,id;board;board_dealt_at;hand_finished_at,"{""id;board;board_dealt_at;hand_finished_at"":""12095800712;3s2skc;2026-03-08T00:38:36+00:00;2026-03-08T00:38:45+00:00""}"
Overlay_Report,"Casino, Player code, Username, Country, Start date, End date, Code, Name, Promotion source, Promotion source description, Stake, Type, Fees, Bets, Wins, Prize Pool Bets, Prize Pool Wins, KO Bets, KO Wins, Total players, Total registrations, Prize Pool, KO Prize Pool, Overlay money, Tournament total Overlay, Currency","{""Casino"":""redstar"",""Player code"":28748498,""Username"":""nepuhskin"",""Country"":""Kazakhstan"",""Start date"":""2026-03-07 18:00:01"",""End date"":""2026-03-07 20:26:46"",""Code"":1144710822,""Name"":""Telegram Special Freeroll"",""Promotion source"":""card room"",""Promotion source description"":null,""Stake"":0,""Type"":""Freezeout"",""Fees"":0,""Bets"":0,""Wins"":0,""Prize Pool Bets"":0,""Prize Pool Wins"":0,""KO Bets"":0,""KO Wins"":0,""Total players"":207,""Total registrations"":207,""Prize Pool"":25,""KO Prize Pool"":0,""Overlay money"":0,""Tournament total Overlay"":25,""Currency"":""EUR""}"
Bets_by_player,"Username, Nickname, Cash games bets, Cash game wins, Rake, Buy-in tournaments, Tournaments rebuy, Tournaments addon, Tournaments wins, Phisical prize wins, Tournaments fees, Currency","{""Username"":""snopake"",""Nickname"":""snopake1"",""Cash games bets"":182.19,""Cash game wins"":182.86,""Rake"":6.115852,""Buy-in tournaments"":0,""Tournaments rebuy"":0,""Tournaments addon"":0,""Tournaments wins"":0,""Phisical prize wins"":0,""Tournaments fees"":0,""Currency"":""EUR""}"
New_contributing_players_by_days_played,"Casino, Nickname, Username, Signup date, Number of days played in contribution period","{""Casino"":""redstar"",""Nickname"":""0rIy"",""Username"":""RoryBreacker"",""Signup date"":""21-JUL-22"",""Number of days played in contribution period"":2}"
Poker_activity,"Username, Nickname, Poker VIP level, Highest Poker VIP level, Country, Signup date, Award points accumulated, Status points accumulated, Rake, Games(#), Games rakes(#), Bets, Wins, Tournaments(#), Tournament buy-in, Tournament wins, Fee, Player win/loss, Currency","{""Username"":""Pixv6YMz"",""Nickname"":""Cshrimp"",""Poker VIP level"":11,""Highest Poker VIP level"":11,""Country"":""Estonia"",""Signup date"":""2022-05-14 19:28:12"",""Award points accumulated"":5766.57,""Status points accumulated"":5766.57,""Rake"":576.62,""Games(#)"":7111,""Games rakes(#)"":2614,""Bets"":21610.52,""Wins"":22589.3,""Tournaments(#)"":1,""Tournament buy-in"":22.75,""Tournament wins"":0,""Fee"":2.25,""Player win/loss"":953.78,""Currency"":""EUR""}"
SNG_summary_activity___collusion,"Username, Nickname, Advertiser, Card room, Signup date, Poker VIP level, Country, Language, # of SNG tournaments, Total buy-in (not including fee), Total tournament winnings, Number of wins, % of wins, Total fee, Status points accumulated in tournaments, Award points accumulated in tournaments, Award points used as Buy-in, Award points used as Rebuys, Award points used as Addons, Award points won in tournaments, Currency, Frozen, Colluder, Payout, Game serial","{""Username"":""A1_SWP"",""Nickname"":""hoochy21"",""Advertiser"":""who_migrated"",""Card room"":""whpoker"",""Signup date"":""2007-09-28 00:00:00"",""Poker VIP level"":4,""Country"":""United Kingdom"",""Language"":""English"",""# of SNG tournaments"":22,""Total buy-in (not including fee)"":31.04934541467124,""Total tournament winnings"":30.16510587327952,""Number of wins"":7,""% of wins"":""31.82 %"",""Total fee"":2.308977847289993,""Status points accumulated in tournaments"":17.1,""Award points accumulated in tournaments"":20.52,""Award points used as Buy-in"":0,""Award points used as Rebuys"":0,""Award points used as Addons"":0,""Award points won in tournaments"":0,""Currency"":""EUR"",""Frozen"":""Not frozen"",""Colluder"":null,""Payout"":90.43,""Game serial"":""32b64870-500a-4d6a-82f9-273e6e829f29""}"
Cash_game_metrics,"BRAND_ID, CARDROOM, POKER_PLAYER_ID, PLAYER_ID, STARTDATE, GAMELIST_ID, BET_TYPE_ID, CLIENT_PARAMETER_ID, RAKE, HANDS#, WINNING_HANDS#, RAKED_HANDS#, BETS, WINS, Player Code","{""BRAND_ID"":3820,""CARDROOM"":""redstar"",""POKER_PLAYER_ID"":35912341,""PLAYER_ID"":57838810,""STARTDATE"":""2026-03-06 23:59:29"",""GAMELIST_ID"":169291,""BET_TYPE_ID"":""Cash"",""CLIENT_PARAMETER_ID"":19,""RAKE"":0,""HANDS#"":0,""WINNING_HANDS#"":0,""RAKED_HANDS#"":0,""BETS"":0,""WINS"":0,""Player Code"":35912341}"
Game_Stats_by_Player,"Date, Cardroom, Username, Bets, Wins, Payout %, Rake, Net wins, Tournament fee, Currency","{""Date"":""07-MAR-26"",""Cardroom"":""redstar"",""Username"":""RSpkr22"",""Bets"":1569.28,""Wins"":1541.83,""Payout %"":98.3,""Rake"":48.849278,""Net wins"":-27.45,""Tournament fee"":0,""Currency"":""EUR""}"
case_notes,"id, case_id, agent_name, content, created_at",
login_activity_by_player,"Casino, Nickname, Login Date Time, Logout Date Time, Device Name, Serial, IP, Operating system","{""Casino"":""bet365poker"",""Nickname"":""SiBrowser"",""Login Date Time"":""2026-03-05 21:32:39"",""Logout Date Time"":""2026-03-05 21:38:09"",""Device Name"":""Brows"",""Serial"":""r3tjqk14814"",""IP"":""86.140.49.146"",""Operating system"":""Windows 10 Professional (build 26100), 64-bit""}"
case_attachments,"id, case_id, file_name, file_path, uploaded_at",
Called_pot_by_session,"Username, Game Type, Bet Type, # Hands, Called Pot, Net Wins, Rake, Currency, Session Id","{""Username"":""SAM24IAM45024"",""Game Type"":""Holdem"",""Bet Type"":""No limit"",""# Hands"":3,""Called Pot"":0.84,""Net Wins"":0,""Rake"":0.067533,""Currency"":""EUR"",""Session Id"":8586699692}"
collusion_rule_settings,"key, value","{""key"":""fraud_rule_configs"",""value"":""[{\""rule_id\"": 1, \""name\"": \""Baseline BB/Rake Ratio\"", \""category\"": \""General\"", \""risk_level\"": \""Medium\"", \""weight\"": 0.5, \""exclusions\"": {\""min_hands\"": 300, \""roi_range\"": {\""from\"": -10, \""to\"": null}, \""profit_range\"": {\""from\"": 50, \""to\"": null}, \""rake_floor\"": -10}, \""description_template\"": \""Flags low-rake grinders paying less than {rake_per_hand_max_bb} BB per hand at stakes above {min_suspicious_bb} BB with at least {rule1_min_hands} hands.\"", \""parameters\"": {\""min_suspicious_bb\"": 10, \""rake_per_hand_max_bb\"": 0.02, \""rule1_min_hands\"": 500}, \""active\"": true}, {\""rule_id\"": 2, \""name\"": \""Burner / New Pro Accounts\"", \""category\"": \""Collusion Suspect\"", \""risk_level\"": \""Medium\"", \""weight\"": 0.5, \""exclusions\"": {\""min_hands\"": null, \""roi_range\"": {\""from\"": 200, \""to\"": null}, \""profit_range\"": {\""from\"": 100, \""to\"": null}, \""rake_floor\"": null}, \""description_template\"": \""Flags accounts younger than {max_age_days} days with session ROI above {burner_roi_threshold}%.\"", \""parameters\"": {\""max_age_days\"": 7, \""burner_roi_threshold\"": 400}, \""active\"": true}, {\""rule_id\"": 3, \""name\"": \""Impossible Win Rate\"", \""category\"": \""Bot Suspect\"", \""risk_level\"": \""Medium\"", \""weight\"": 0.5, \""exclusions\"": {\""min_hands\"": 300, \""roi_range\"": {\""from\"": -10, \""to\"": null}, \""profit_range\"": {\""from\"": 50, \""to\"": null}, \""rake_floor\"": -10}, \""description_template\"": \""Flags players winning more than {oracle_threshold}% of hands over at least {rule3_min_hands} hands with profit exceeding {rule3_min_profit}. Sniper mode: players with fewer than {min_hands_threshold} aggregate hands are never flagged for BB/100 or Payout anomalies.\"", \""parameters\"": {\""oracle_threshold\"": 40, \""rule3_min_hands\"": 300, \""rule3_min_profit\"": 500, \""min_hands_threshold\"": 200}, \""active\"": true}, {\""rule_id\"": 4, \""name\"": \""Chip Dumping (Receiver)\"", \""category\"": \""Chip Dumping\"", \""risk_level\"": \""Medium\"", \""weight\"": 0.5, \""exclusions\"": {\""min_hands\"": null, \""roi_range\"": {\""from\"": 200, \""to\"": null}, \""profit_range\"": {\""from\"": 100, \""to\"": null}, \""rake_floor\"": null}, \""description_template\"": \""Flags sessions with at most {rule4_max_hands} hands and profit of at least {rule4_min_bb} BB.\"", \""parameters\"": {\""rule4_max_hands\"": 60, \""rule4_min_bb\"": 300}, \""active\"": true}, {\""rule_id\"": 5, \""name\"": \""Stake Jump (Kamikaze)\"", \""category\"": \""General\"", \""risk_level\"": \""Medium\"", \""weight\"": 0.5, \""exclusions\"": {\""min_hands\"": null, \""roi_range\"": {\""from\"": null, \""to\"": null}, \""profit_range\"": {\""from\"": null, \""to\"": null}, \""rake_floor\"": null}, \""description_template\"": \""Flags sessions where Big Blind is at least {stake_jump_mult}x the player's historical average stake.\"", \""parameters\"": {\""stake_jump_mult\"": 3}, \""active\"": true}, {\""rule_id\"": 6, \""name\"": \""Vampire / Over-Activity\"", \""category\"": \""General\"", \""risk_level\"": \""Medium\"", \""weight\"": 0.5, \""exclusions\"": {\""min_hands\"": 300, \""roi_range\"": {\""from\"": -10, \""to\"": null}, \""profit_range\"": {\""from\"": 50, \""to\"": null}, \""rake_floor\"": -10}, \""description_template\"": \""Flags players active for more than {rule6_min_unique_hours} unique hours within a rolling 24-hour window.\"", \""parameters\"": {\""rule6_min_unique_hours\"": 18}, \""active\"": true}, {\""rule_id\"": 7, \""name\"": \""Syndicate / Network Pairing\"", \""category\"": \""Team Play\"", \""risk_level\"": \""Medium\"", \""weight\"": 0.5, \""exclusions\"": {\""min_hands\"": null, \""roi_range\"": {\""from\"": null, \""to\"": null}, \""profit_range\"": {\""from\"": null, \""to\"": null}, \""rake_floor\"": null}, \""description_template\"": \""Flags players who share at least {pairing_rate_min_hands} hands with a partner and have pairing rate above {pairing_rate_threshold_pct}%.\"", \""parameters\"": {\""pairing_rate_min_hands\"": 200, \""pairing_rate_threshold_pct\"": 80}, \""active\"": true}, {\""rule_id\"": 8, \""name\"": \""Ghost Overlap / Simultaneous Starts\"", \""category\"": \""Team Play\"", \""risk_level\"": \""Medium\"", \""weight\"": 0.5, \""exclusions\"": {\""min_hands\"": 50, \""roi_range\"": {\""from\"": null, \""to\"": null}, \""profit_range\"": {\""from\"": 0, \""to\"": 100}, \""rake_floor\"": null}, \""description_template\"": \""Flags players who launch {rule8_min_overlap} or more sessions at the exact same second.\"", \""parameters\"": {\""rule8_min_overlap\"": 3}, \""active\"": true}, {\""rule_id\"": 9, \""name\"": \""Rake Snipers / Soft Play\"", \""category\"": \""Bot Suspect\"", \""risk_level\"": \""Medium\"", \""weight\"": 0.5, \""exclusions\"": {\""min_hands\"": 300, \""roi_range\"": {\""from\"": -10, \""to\"": null}, \""profit_range\"": {\""from\"": 50, \""to\"": null}, \""rake_floor\"": -10}, \""description_template\"": \""Flags players with win rate \\u2265 {min_win_pct}% while paying less than {max_rake_per_hand} rake per hand (min {rule9_min_hands} hands).\"", \""parameters\"": {\""min_win_pct\"": 15, \""max_rake_per_hand\"": 0.001, \""rule9_min_hands\"": 500}, \""active\"": true}, {\""rule_id\"": 10, \""name\"": \""Network-Flagged Colluders\"", \""category\"": \""Collusion Suspect\"", \""risk_level\"": \""Medium\"", \""weight\"": 0.5, \""exclusions\"": {\""min_hands\"": null, \""roi_range\"": {\""from\"": null, \""to\"": null}, \""profit_range\"": {\""from\"": null, \""to\"": null}, \""rake_floor\"": null}, \""description_template\"": \""Highlights players with at least {min_flags} platform collusion flags (e.g. iPoker network).\"", \""parameters\"": {\""min_flags\"": 1}, \""active\"": true}, {\""rule_id\"": 11, \""name\"": \""Hardware Twins (Multi-Accounting)\"", \""category\"": \""Multi-Accounting\"", \""risk_level\"": \""Medium\"", \""weight\"": 0.5, \""exclusions\"": {\""min_hands\"": 50, \""roi_range\"": {\""from\"": null, \""to\"": null}, \""profit_range\"": {\""from\"": null, \""to\"": null}, \""rake_floor\"": null}, \""description_template\"": \""Flags hardware signatures (Serial/IP) shared by at least {min_accounts} distinct nicknames.\"", \""parameters\"": {\""min_accounts\"": 2}, \""active\"": true}, {\""rule_id\"": 12, \""name\"": \""Proxy/VPN Rotators\"", \""category\"": \""General\"", \""risk_level\"": \""Medium\"", \""weight\"": 0.5, \""exclusions\"": {\""min_hands\"": 50, \""roi_range\"": {\""from\"": null, \""to\"": null}, \""profit_range\"": {\""from\"": null, \""to\"": null}, \""rake_floor\"": null}, \""description_template\"": \""Flags accounts using at least {rule12_min_subnets} different IP subnets on a single device in one day.\"", \""parameters\"": {\""rule12_min_subnets\"": 6}, \""active\"": true}, {\""rule_id\"": 13, \""name\"": \""Login Anchor (Bot Farm)\"", \""category\"": \""Bot Suspect\"", \""risk_level\"": \""Medium\"", \""weight\"": 0.5, \""exclusions\"": {\""min_hands\"": null, \""roi_range\"": {\""from\"": null, \""to\"": null}, \""profit_range\"": {\""from\"": null, \""to\"": null}, \""rake_floor\"": null}, \""description_template\"": \""Flags clusters of at least {rule13_min_accounts} accounts logging in from the same IP within a 10-minute window over the last {rule13_lookback_days} days.\"", \""parameters\"": {\""rule13_min_accounts\"": 5, \""rule13_lookback_days\"": 7}, \""active\"": true}, {\""rule_id\"": 14, \""name\"": \""Wallet Leak (Chip Dumper)\"", \""category\"": \""Chip Dumping\"", \""risk_level\"": \""Medium\"", \""weight\"": 0.5, \""exclusions\"": {\""min_hands\"": null, \""roi_range\"": {\""from\"": null, \""to\"": null}, \""profit_range\"": {\""from\"": null, \""to\"": null}, \""rake_floor\"": null}, \""description_template\"": \""Flags players with lifetime loss greater than {rule14_min_loss} and highly suspicious win rate (min 50 cash hands).\"", \""parameters\"": {\""rule14_min_loss\"": 500}, \""active\"": true}, {\""rule_id\"": 15, \""name\"": \""Small Game Squeeze / Mule\"", \""category\"": \""Chip Dumping\"", \""risk_level\"": \""Medium\"", \""weight\"": 0.5, \""exclusions\"": {\""min_hands\"": null, \""roi_range\"": {\""from\"": 200, \""to\"": null}, \""profit_range\"": {\""from\"": 100, \""to\"": null}, \""rake_floor\"": null}, \""description_template\"": \""Flags coordination in small games (\\u226410 players) where 2+ accounts share Game IP.\"", \""parameters\"": {\""rule15_min_players\"": 10}, \""active\"": true}, {\""rule_id\"": 16, \""name\"": \""Satellite Sacrifice (MTT Syndicate)\"", \""category\"": \""Team Play\"", \""risk_level\"": \""Medium\"", \""weight\"": 0.5, \""exclusions\"": {\""min_hands\"": null, \""roi_range\"": {\""from\"": null, \""to\"": null}, \""profit_range\"": {\""from\"": null, \""to\"": null}, \""rake_floor\"": null}, \""description_template\"": \""Flags pairs entering the same tournament sharing device/IP (MTT syndicate).\"", \""parameters\"": {}, \""active\"": true}, {\""rule_id\"": 17, \""name\"": \""Twister Squeeze (SNG Syncing)\"", \""category\"": \""Team Play\"", \""risk_level\"": \""Medium\"", \""weight\"": 0.5, \""exclusions\"": {\""min_hands\"": 50, \""roi_range\"": {\""from\"": null, \""to\"": null}, \""profit_range\"": {\""from\"": null, \""to\"": null}, \""rake_floor\"": null}, \""description_template\"": \""Flags 3-handed games where 2+ players share Serial or IP (2-vs-1 collusion).\"", \""parameters\"": {}, \""active\"": true}, {\""rule_id\"": 18, \""name\"": \""Laundering Donor (Chip Dump Source)\"", \""category\"": \""Chip Dumping\"", \""risk_level\"": \""Medium\"", \""weight\"": 0.5, \""exclusions\"": {\""min_hands\"": null, \""roi_range\"": {\""from\"": 200, \""to\"": null}, \""profit_range\"": {\""from\"": 100, \""to\"": null}, \""rake_floor\"": null}, \""description_template\"": \""Flags chip-dumping sources: loss of at least {rule18_max_loss_bb} BB in {rule18_min_hands}\\u2013{rule18_max_hands} hands.\"", \""parameters\"": {\""rule18_min_hands\"": 1, \""rule18_max_hands\"": 15, \""rule18_max_loss_bb\"": -100}, \""active\"": true}, {\""rule_id\"": 19, \""name\"": \""Multi-Account Ghost\"", \""category\"": \""Multi-Accounting\"", \""risk_level\"": \""Medium\"", \""weight\"": 0.5, \""exclusions\"": {\""min_hands\"": 50, \""roi_range\"": {\""from\"": null, \""to\"": null}, \""profit_range\"": {\""from\"": null, \""to\"": null}, \""rake_floor\"": null}, \""description_template\"": \""Flags device clusters (Serial/IP) with at least {rule19_min_accounts} distinct nicknames.\"", \""parameters\"": {\""rule19_min_accounts\"": 3}, \""active\"": true}, {\""rule_id\"": 20, \""name\"": \""Laundering Correlation\"", \""category\"": \""Chip Dumping\"", \""risk_level\"": \""Medium\"", \""weight\"": 0.5, \""exclusions\"": {\""min_hands\"": null, \""roi_range\"": {\""from\"": 200, \""to\"": null}, \""profit_range\"": {\""from\"": 100, \""to\"": null}, \""rake_floor\"": null}, \""description_template\"": \""Flags laundering chain correlations (financial flow and device overlap).\"", \""parameters\"": {}, \""active\"": true}, {\""rule_id\"": 21, \""name\"": \""Cash Table Squeeze (Team Play)\"", \""category\"": \""Bot Suspect\"", \""risk_level\"": \""Medium\"", \""weight\"": 0.5, \""exclusions\"": {\""min_hands\"": 300, \""roi_range\"": {\""from\"": -10, \""to\"": null}, \""profit_range\"": {\""from\"": 50, \""to\"": null}, \""rake_floor\"": -10}, \""description_template\"": \""Flags multiple winners at the same cash table (Session code, Big blind, Date) sharing Serial or IP.\"", \""parameters\"": {}, \""active\"": true}, {\""rule_id\"": 22, \""name\"": \""Efficiency Anomaly\"", \""category\"": \""Bot Suspect\"", \""risk_level\"": \""Medium\"", \""weight\"": 0.5, \""exclusions\"": {\""min_hands\"": 300, \""roi_range\"": {\""from\"": -10, \""to\"": null}, \""profit_range\"": {\""from\"": 50, \""to\"": null}, \""rake_floor\"": -10}, \""description_template\"": \""Flags players who exceed {payout_threshold}% Payout with more than {min_bets} bets in a single day.\"", \""parameters\"": {\""payout_threshold\"": 180, \""min_bets\"": 50}, \""active\"": true}, {\""rule_id\"": 23, \""name\"": \""Skin Hopper\"", \""category\"": \""Multi-Accounting\"", \""risk_level\"": \""Medium\"", \""weight\"": 0.5, \""exclusions\"": {\""min_hands\"": null, \""roi_range\"": {\""from\"": null, \""to\"": null}, \""profit_range\"": {\""from\"": null, \""to\"": null}, \""rake_floor\"": null}, \""description_template\"": \""Flags accounts active across at least {min_skins} cardrooms on the same day.\"", \""parameters\"": {\""min_skins\"": 2}, \""active\"": true}, {\""rule_id\"": 24, \""name\"": \""Anti-VPN (Geo-Imposter)\"", \""category\"": \""Multi-Accounting\"", \""risk_level\"": \""Medium\"", \""weight\"": 0.5, \""exclusions\"": {\""min_hands\"": 300, \""roi_range\"": {\""from\"": -10, \""to\"": null}, \""profit_range\"": {\""from\"": 50, \""to\"": null}, \""rake_floor\"": -10}, \""description_template\"": \""Flags same Serial hosting accounts registered in at least {min_countries} different countries.\"", \""parameters\"": {\""min_countries\"": 2}, \""active\"": true}]""}"
mtt_info_per_player,"Username, Nickname, Cardroom, Country, Sign-up date, Frozen, Tournament name, Tournament ID, Start date, End date, Game type (Bet type), CertifiedGameName, Registration method, Jackpot name, Buy-in, Fee, Jackpot fee, # of players, Position, Prize money, Jackpot wins, Prize money token value, iPoints earned, Status points earned, Number of rebuys, Amount of addons, Interrupted fees, Game ip, Game serial, iPoints buy-in amount, Satellite, Client Platform, Original currency, Currency","{""Username"":""JASON133"",""Nickname"":""moonblank614"",""Cardroom"":""boylepokeruw4"",""Country"":""Ireland"",""Sign-up date"":""2022-06-25 19:16:30"",""Frozen"":""No"",""Tournament name"":""Boyles EU100 Freeroll"",""Tournament ID"":1155374958,""Start date"":""2026-02-28 20:00:01"",""End date"":""2026-03-01 00:02:42"",""Game type (Bet type)"":""Holdem(No limit)"",""CertifiedGameName"":""Texas Hold'em"",""Registration method"":""cash"",""Jackpot name"":null,""Buy-in"":0,""Fee"":0,""Jackpot fee"":null,""# of players"":444,""Position"":164,""Prize money"":0,""Jackpot wins"":0,""Prize money token value"":0,""iPoints earned"":0,""Status points earned"":0,""Number of rebuys"":0,""Amount of addons"":0,""Interrupted fees"":0,""Game ip"":""86.45.113.191"",""Game serial"":""c0f1a66b-2c0b-4d0d-b888-db0141d4d1e4"",""iPoints buy-in amount"":null,""Satellite"":""No"",""Client Platform"":""Platform Mobile Native - Android Smartphone"",""Original currency"":""EUR"",""Currency"":""EUR""}"
major_income_sessionsV2,"Player code, Username, Nickname, Country, Real sign up date, Frozen, iPoker collusion, Player lifetime rake, Session code, Start date, End date, Duration (seconds), Big blind, Buy, Win, % Win, Rake, Bets, Wins, # of hands, # of won hands, % of won hands, Currency","{""Player code"":39684060,""Username"":""MRmate78"",""Nickname"":""MRmate78"",""Country"":""United Kingdom"",""Real sign up date"":""2026-03-07 01:27:40"",""Frozen"":""No"",""iPoker collusion"":""No"",""Player lifetime rake"":149.86,""Session code"":8586825726,""Start date"":""2026-03-07 05:41:51"",""End date"":""2026-03-07 08:14:34"",""Duration (seconds)"":9163,""Big blind"":2,""Buy"":84.64,""Win"":1047.84,""% Win"":1238,""Rake"":79.37,""Bets"":3512.56,""Wins"":4475.76,""# of hands"":175,""# of won hands"":51,""% of won hands"":29.14,""Currency"":""EUR""}"
Tournament_results_with_Game_Serials_and_Ips,"Place, Tournament ID, Tournament name, Nickname, Username, Casino, Country, Frozen, iPoker collusion, Real signup date, Game IP, Game Serial, Bets + Fees, Total Win, Currency","{""Place"":1,""Tournament ID"":1124438280,""Tournament name"":""[8] RPT Plymouth"",""Nickname"":""WestPirate"",""Username"":""9009799"",""Casino"":""grosvenor.poker"",""Country"":""United Kingdom"",""Frozen"":""No"",""iPoker collusion"":null,""Real signup date"":""16-MAR-24"",""Game IP"":""84.65.49.161"",""Game Serial"":""b1j9vi17077"",""Bets + Fees"":70,""Total Win"":70,""Currency"":""GBP""}"
cash_games_player_stats,"Username, Nickname, Player code, Casino, Hands, VPIP, PFR, 3-bet, 4-bet, Limp, WTSD, Flop Cbet, Turn Cbet, River Cbet, Post flop AGG, Attempt to Steal, Fold vs Flop Cbet, Call vs Flop Cbet, Raise vs Flop Cbet, Delayed CBet, Donk Bet Turn, WSD, Overbet River","{""Username"":""115821693"",""Nickname"":""Kitte365"",""Player code"":32677128,""Casino"":""svenskaspel"",""Hands"":108,""VPIP"":40.19,""PFR"":16.82,""3-bet"":14.29,""4-bet"":0,""Limp"":21.74,""WTSD"":46.94,""Flop Cbet"":62.5,""Turn Cbet"":50,""River Cbet"":0,""Post flop AGG"":34.92,""Attempt to Steal"":35.29,""Fold vs Flop Cbet"":50,""Call vs Flop Cbet"":50,""Raise vs Flop Cbet"":0,""Delayed CBet"":0,""Donk Bet Turn"":0,""WSD"":60.87,""Overbet River"":0}"
account_information,"Cardroom, Username, Nickname, Country, Signup date + time, Frozen, Signup IP, Signup serial, Date first rake","{""Cardroom"":""sportiumbet.mx"",""Username"":""Flaca1937"",""Nickname"":""Flaca1937"",""Country"":""Mexico"",""Signup date + time"":""2026-03-01 00:00:00"",""Frozen"":""Not frozen"",""Signup IP"":null,""Signup serial"":null,""Date first rake"":null}"
game_stats_by_player,"Date, Cardroom, Username, Bets, Wins, Payout %, Rake, Net wins, Tournament fee, Currency","{""Date"":""04-MAR-26"",""Cardroom"":""bet365poker"",""Username"":""CAPTAINMAD"",""Bets"":32.27,""Wins"":45.2,""Payout %"":140.1,""Rake"":1.651283,""Net wins"":12.93,""Tournament fee"":0,""Currency"":""EUR""}"
Account_information,"Cardroom, Username, Nickname, Country, Signup date + time, Frozen, Signup IP, Signup serial, Date first rake","{""Cardroom"":""skypoker.com"",""Username"":""509380265"",""Nickname"":""509380265"",""Country"":""United Kingdom"",""Signup date + time"":""2026-03-04 22:00:22"",""Frozen"":""Not frozen"",""Signup IP"":""92.40.201.96"",""Signup serial"":""d3ef573cf55b80790f83ccfa5b490b17"",""Date first rake"":null}"
investigation_cases,"id, player_code, player_nickname, risk_score, triggered_scenarios, status, assigned_agent, decision_summary, created_at, updated_at, net_profit, roi, win_rate, total_hands, lifetime_rake, network_data, category, primary_tag, tag","{""id"":2,""player_code"":""37599154"",""player_nickname"":""MyDream"",""risk_score"":100,""triggered_scenarios"":""Rule 1: [Cash] (Rake Anomaly): Player paid $0.1428 rake per hand over 380 hands (Threshold: > $0.0100). | Rule 3: [Cash] (Oracle): Mathematically impossible win rate of 53.86 BB/100 over 380 hands (Threshold: > 25.0 BB/100)."",""status"":""Open"",""assigned_agent"":null,""decision_summary"":null,""created_at"":""2026-03-08T12:46:11.963082+00:00"",""updated_at"":""2026-03-08T13:11:50.597915+00:00"",""net_profit"":1710.13421256818,""roi"":172.53,""win_rate"":31.88,""total_hands"":5364,""lifetime_rake"":991.2203775218306,""network_data"":{""total_mtts"": 4, ""mtt_win_pct"": 0.0, ""cash_win_pct"": 100.0, ""total_sessions"": 3},""category"":""Bot Suspect"",""primary_tag"":null,""tag"":""ORACLE_BOT""}"
fraud_rule_configs,"id, rule_id, rule_name, category, parameters, is_active, updated_at, dynamic_description, risk_level, weight, exclusions","{""id"":5,""rule_id"":3,""rule_name"":""Impossible Win Rate"",""category"":""Bot Suspect"",""parameters"":{""rule3_min_hands"": 300, ""oracle_threshold"": 40, ""rule3_min_profit"": 500, ""min_hands_threshold"": 200},""is_active"":true,""updated_at"":""2026-03-07T12:50:44.955452"",""dynamic_description"":""Flags players winning more than {oracle_threshold}% of hands over at least {rule3_min_hands} hands with profit exceeding {rule3_min_profit}. Sniper mode: do not flag BB/100 or Payout anomalies if player has fewer than {min_hands_threshold} aggregate hands."",""risk_level"":""Critical"",""weight"":0.8,""exclusions"":{""min_hands"": 300, ""roi_floor"": -10, ""roi_range"": {""to"": null, ""from"": -10}, ""min_profit"": 50, ""rake_floor"": -10, ""profit_range"": {""to"": null, ""from"": 50}}}"
